Sign or Plaque,Sign Designation,Section,Single Lane,Multi-Lane,Expressway,Freeway,Minimum,Oversized,Shape
Stop,R1-1,2B.04,30 x 30,36 x 36,36 x 36,,30 x 30,48 x 48,O
Yield,R1-2,2B.05,36 x 36 x 36,48 x 48 x 48,48 x 48 x 48,60 x 60 x 60,30 x 30 x 30,,T
To Oncoming Traffic (plaque),R1-2aP,2B.18,24 x 18,24 x 18,36 x 30,48 x 36,24 x 18,,R
To Traffic in Circle (plaque),R1-2bP,2B.18,24 x 15,24 x 15,,,24 x 15,36 x 24,R
To All Lanes (plaque),R1-2cP,2B.18,24 x 15,24 x 15,,,24 x 15,36 x 24,R
All Way (plaque),R1-3P,2B.04,18 x 6,18 x 6,,,,30 x 12,R
Yield Here to Pedestrians,R1-5,2B.19,,36 x 36,,,,36 x 36,R
Stop Here for Pedestrians,R1-5b,2B.19,,36 x 36,,,,36 x 36,R
Yield Here to Trail Crossing,R1-5d,2B.19,,36 x 42,,,,,R
Stop Here for Trail Crossing,R1-5e,2B.19,,36 x 42,,,,,R
In-Street Pedestrian Crossing - Yield,R1-6,2B.20,12 x 36,12 x 36,,,,,R
In-Street Pedestrian Crossing - Stop,R1-6a,2B.20,12 x 36,12 x 36,,,,,R
In-Street Trail Crossing - Yield,R1-6d,2B.20,12 x 36,12 x 36,,,,,R
In-Street Trail Crossing - Stop,R1-6e,2B.20,12 x 36,12 x 36,,,,,R
Overhead Pedestrian Crossing - Yield,R1-9,2B.20,90 x 24,90 x 24,,,,,R
Overhead Pedestrian Crossing - Stop,R1-9a,2B.20,90 x 24,90 x 24,,,,,R
Overhead Trail Crossing - Yield,R1-9d,2B.20,72 x 24,72 x 24,,,,,R
Overhead Trail Crossing - Stop,R1-9e,2B.20,72 x 24,72 x 24,,,,,R
Except Right Turn (plaque),R1-10P,2B.04,24 x 18,24 x 18,,,,,R
Speed Limit,R2-1,2B.21,24 x 30,30 x 36,36 x 48,48 x 60,18 x 24,30 x 36,R
Truck Speed Limit (plaque),R2-2P,2B.22,24 x 24,24 x 24,36 x 36,48 x 48,,36 x 36,R
Bus Speed Limit (plaque),R2-2aP,2B.22,24 x 24,24 x 24,36 x 36,48 x 48,,36 x 36,R
Truck-Bus Speed Limit (plaque),R2-2bP,2B.22,24 x 30,24 x 30,36 x 42,48 x 54,,36 x 42,R
Vehicles Over X Tons Speed Limit (plaque),R2-2cP,2B.22,24 x 30,24 x 30,36 x 42,48 x 54,,36 x 42,R
Night Speed Limit (plaque),R2-3P,2B.23,24 x 24,24 x 24,36 x 36,48 x 48,,36 x 36,R
Minimum Speed Limit (plaque),R2-4P,2B.24,24 x 24,24 x 24,36 x 36,48 x 48,,36 x 36,R
Combined Maximum and Minimum Speed Limits,R2-4a,2B.24,24 x 48,24 x 48,36 x 72,48 x 96,,36 x 72,R
Unless Otherwise Posted (plaque),R2-5P,2B.21,24 x 18,24 x 18,36 x 24,36 x 24,,36 x 24,R
Citywide (plaque),R2-5aP,2B.21,24 x 6,24 x 6,,,,30 x 9,R
Neighborhood (plaque),R2-5bP,2B.21,24 x 6,24 x 6,,,,30 x 9,R
Residential (plaque),R2-5cP,2B.21,24 x 6,24 x 6,,,,30 x 9,R
Fines Higher (plaque),R2-6P,2B.25,24 x 18,24 x 18,36 x 24,48 x 36,,36 x 24,R
Fines Double (plaque),R2-6aP,2B.25,24 x 18,24 x 18,36 x 24,48 x 36,,36 x 24,R
$XX Fine (plaque),R2-6bP,2B.25,24 x 18,24 x 18,36 x 24,48 x 36,,36 x 24,R
Begin Higher Fines Zone,R2-10,2B.25,24 x 30,24 x 30,36 x 48,48 x 60,,36 x 48,R
End Higher Fines Zone,R2-11,2B.25,24 x 30,24 x 30,36 x 48,48 x 60,,36 x 48,R
End Variable Speed Limit,R2-13,2B.21,24 x 30,24 x 30,36 x 48,48 x 60,,36 x 48,R
End Truck Speed Limit,R2-14,2B.21,24 x 30,24 x 30,36 x 48,48 x 60,,36 x 48,R
Movement Prohibition - No Right Turn,R3-1,2B.26,24 x 24,36 x 36,36 x 36,,,48 x 48,R
Movement Prohibition - No Left Turn,R3-2,2B.26,24 x 24,36 x 36,36 x 36,,,48 x 48,R
Movement Prohibition - No Turns,R3-3,2B.26,24 x 24,36 x 36,36 x 36,,,48 x 48,R
Movement Prohibition - No U Turn,R3-4,2B.26,24 x 24,36 x 36,36 x 36,,,48 x 48,R
Movement Prohibition - No U or Left Turn,R3-18,2B.26,24 x 24,36 x 36,36 x 36,,,48 x 48,R
Movement Prohibition - No Straignt,R3-27,2B.26,24 x 24,36 x 36,36 x 36,,,48 x 48,R
Movement Prohibition - Trucks,R3-1b,2B.26,24 x 36,24 x 36,36 x 54,36 x 54,,,R
Movement Prohibition - Trucks Buses,R3-1c,2B.26,24 x 42,24 x 42,36 x 60,36 x 60,,,R
Movement Prohibition - Trucks Over X Tons,R3-1d,2B.26,24 x 48,24 x 48,36 x 66,36 x 66,,,R
Movement Prohibition - Except Buses,R3-1e,2B.26,24 x 36,24 x 36,36 x 54,36 x 54,,,R
Movement Prohibition - Except Buses Taxis,R3-1f,2B.26,24 x 42,24 x 42,36 x 66,36 x 66,,,R
Movement Prohibition - Time and Day,R3-1g,2B.26,24 x 36,24 x 36,36 x 54,36 x 54,,,R
Movement Prohibition - Multiple Times and Day,R3-1h,2B.26,24 x 42,24 x 42,36 x 66,36 x 66,,,R
Mandatory Movement Lane Control - Left Turn Only,R3-5,2B.28,30 x 36,30 x 36,,,,,R
Mandatory Movement Lane Control - Straight Only,R3-5a,2B.28,30 x 36,30 x 36,,,,,R
Left Lane (plaque),R3-5bP,2B.28,30 x 12,30 x 12,,,,,R
HOV 2+ (plaque),R3-5cP,2B.28,24 x 12,24 x 12,,,,,R
Taxi Lane (plaque),R3-5dP,2B.28,30 x 12,30 x 12,,,,,R
Right Lane (plaque),R3-5fP,2B.28,30 x 12,30 x 12,,,,,R
Bus Lane (plaque),R3-5gP,2B.28,30 x 12,30 x 12,,,,,R
Optional Movement Lane Control Thru and Turn,R3-6,2B.29,30 x 36,30 x 36,,,,,R
Optional Movement U and Left Turn,R3-6a,2B.29,30 x 36,30 x 36,,,,,R
Optional Movement Left Turns,R3-6b,2B.29,30 x 36,30 x 36,,,,,R
Right (Left) Lane Must Turn Right (Left),R3-7,2B.28,30 x 30,36 x 36,48 x 48,,,48 x 48,R
Except Buses (plaque),R3-7aP,2B.28,24 x 12,24 x 12,,,,,R
Except Bicycles (plaque),R3-7bP,2B.28,24 x 12,24 x 12,,,,,R
Two-Way Left Turn Only (overhead),R3-9a,2B.32,30 x 36,30 x 36,,,,,R
Two-Way Left Turn Only (post-mounted),R3-9b,2B.32,24 x 36,24 x 36,,,,36 x 48,R
Begin (plaque),R3-9cP,2B.33,24 x 12,24 x 12,,,,36 x 18,R
End (plaque),R3-9dP,2B.33,24 x 12,24 x 12,,,,36 x 18,R
Reversible Lane Control (overhead),R3-9e,2B.34,108 x 48,108 x 48,,,,,R
Reversible Lane Control (post-mounted),R3-9f,2B.34,30 x 42,36 x 54,,,,,R
Advance Reversible Lane Control Transition - End Reverse Lane,R3-9g,2B.34,108 x 36,108 x 36,,,,,R
Advance Reversible Lane Control Transition - Begin Reverse Lane,R3-9h,2B.34,108 x 36,108 x 36,,,,,R
End Reverse Lane,R3-9i,2B.34,108 x 48,108 x 48,,,,,R
Lane For Left Turn Only,R3-19,2B.28,30 x 24,30 x 24,,,,,R
Lane for U Turn Only,R3-19a,2B.28,30 x 24,30 x 24,,,,,R
Lane For U and Left Turns Only,R3-19b,2B.28,30 x 30,30 x 30,,,,,R
Begin Right (Left) Turn Lane,R3-20,2B.28,24 x 36,24 x 36,,,,,R
All Turns from Right Lane,R3-23,2B.35,60 x 36,60 x 36,,,,,R
U-Turn from Right Lane,R3-23a,2B.35,60 x 36,60 x 36,,,,,R
All Turns (U-Turn) Directional,R3-24,2B.35,72 x 18,72 x 18,,,,,R
All Turns (U-Turn) Directional,R3-24b,2B.35,72 x 18,72 x 18,,,,,R
All Turns (U-Turn) Directional,R3-25,2B.35,72 x 18,72 x 18,,,,,R
All Turns (U-Turn) Directional,R3-25b,2B.35,72 x 18,72 x 18,,,,,R
All Turns (U-Turn) Directional,R3-26a,2B.35,72 x 18,72 x 18,,,,,R
U-Turns and Left Turns Directional,R3-24a,2B.35,60 x 24,60 x 24,,,,,R
U-Turns and Left Turns Directional,R3-25a,2B.35,60 x 24,60 x 24,,,,,R
U-Turns and Left Turns Directional,R3-26,2B.35,60 x 24,60 x 24,,,,,R
Right (Left) Lane Must Exit,R3-33,2B.31,,,78 x 36,78 x 36,,,R
Right (Left) Lane Must Exit,R3-33a,2B.31,,,42 x 60,42 x 60,,,R
Do Not Pass,R4-1,2B.36,24 x 30,24 x 30,36 x 48,48 x 60,18 x 24,36 x 48,R
Pass With Care,R4-2,2B.37,24 x 30,24 x 30,36 x 48,48 x 60,18 x 24,36 x 48,R
Slower Traffic Keep Right,R4-3,2B.38,24 x 30,24 x 30,36 x 48,48 x 60,18 x 24,36 x 48,R
Trucks Use Right Lane,R4-5,2B.38,24 x 30,24 x 30,36 x 48,48 x 60,,36 x 48,R
Keep Right,R4-7,2B.39,24 x 30,24 x 30,36 x 48,48 x 60,18 x 24,36 x 48,R
Keep Right,R4-7a,2B.39,24 x 30,24 x 30,36 x 48,48 x 60,18 x 24,36 x 48,R
Keep Right,R4-7b,2B.39,24 x 30,24 x 30,36 x 48,48 x 60,18 x 24,36 x 48,R
Narrow Keep Right,R4-7c,2B.39,18 x 30,18 x 30,,,,,R
Keep Left,R4-8,2B.39,24 x 30,24 x 30,36 x 48,48 x 60,18 x 24,36 x 48,R
Keep Left,R4-8a,2B.39,24 x 30,24 x 30,36 x 48,48 x 60,18 x 24,36 x 48,R
Keep Left,R4-8b,2B.39,24 x 30,24 x 30,36 x 48,48 x 60,18 x 24,36 x 48,R
Narrow Keep Left,R4-8c,2B.39,18 x 30,18 x 30,,,,,R
Stay in Lane,R4-9,2B.40,24 x 30,24 x 30,36 x 48,48 x 60,18 x 24,36 x 48,R
Runaway Vehicles Only,R4-10,2B.41,48 x 48,48 x 48,,,,,R
Slow Vehicles with XX or More Following Vehicles Must Use Turn-Out,R4-12,2B.42,42 x 24,42 x 24,,,,72 x 42,R
Slow Vehicles Must Use Turn-Out Ahead,R4-13,2B.42,42 x 24,42 x 24,,,,,R
Slow Vehicles Must Turn Out,R4-14,2B.42,30 x 42,30 x 42,,,,,R
Keep Right Except to Pass,R4-16,2B.38,24 x 30,24 x 30,36 x 48,48 x 60,18 x 24,36 x 48,R
Do Not Drive on Shoulder,R4-17,2B.43,24 x 30,24 x 30,36 x 48,48 x 60,18 x 24,36 x 48,R
Do Not Pass on Shoulder,R4-18,2B.43,24 x 30,24 x 30,36 x 48,48 x 60,18 x 24,36 x 48,R
All Traffic,R4-20,2B.44,24 x 30,24 x 30,36 x 48,48 x 60,,36 x 48,R
Right (Left) Turn Only,R4-21,2B.44,24 x 30,24 x 30,,,,,R
Do Not Enter,R5-1,2B.46,30 x 30,36 x 36,36 x 36,48 x 48,,36 x 36,R
Wrong Way,R5-1a,2B.47,36 x 24,42 x 30,36 x 24,42 x 30,30 x 18,42 x 30,R
No Trucks,R5-2,2B.45,24 x 24,24 x 24,30 x 30,36 x 36,,36 x 36,R
Except Local Deliveries (plaque),R5-2aP,2B.45,24 x 12,24 x 12,30 x 15,36 x 18,,36 x 18,R
No Thru Trucks,R5-2b,2B.45,24 x 30,24 x 30,30 x 36,36 x 48,,36 x 48,R
No Motor Vehicles,R5-3,2B.45,24 x 24,24 x 24,,,24 x 24,,R
No Commercial Vehicles,R5-4,2B.45,24 x 30,24 x 30,36 x 48,36 x 48,,,R
No Vehicles with Lugs,R5-5,2B.45,24 x 30,24 x 30,36 x 48,48 x 60,,,R
No Bicycles,R5-6,2B.45,24 x 24,24 x 24,30 x 30,36 x 36,24 x 24,48 x 48,R
No Non-Motorized Traffic,R5-7,2B.45,30 x 24,30 x 24,42 x 24,48 x 30,,42 x 24,R
No Motor-Driven Cycles,R5-8,2B.45,30 x 24,30 x 24,42 x 24,48 x 30,,42 x 24,R
No Pedestrians On Freeway,R5-10,2B.45,30 x 36,30 x 36,,,,,R
No Bicycles On Freeway,R5-10a,2B.45,30 x 36,30 x 36,,,,,R
,,,,,,,,,R
No Pedestrians or Bicycles,R5-10b,2B.45,30 x 18,30 x 18,,,,,R
No Pedestrians,R5-10c,2B.45,24 x 12,24 x 12,,,,,R
Authorized Vehicles Only,R5-11,2B.45,30 x 24,30 x 24,,,,,R
No Thru Traffic,R5-12,2B.45,24 x 30,24 x 30,,,,30 x 36,R
One Way,R6-1,2B.49,36 x 12,48 x 18,48 x 18,48 x 18,,72 x 24,R
One Way,R6-2,2B.49,24 x 30,30 x 36,36 x 48,48 x 60,18 x 24,36 x 48,R
Divided Highway Crossing,R6-3,2B.50,30 x 24,30 x 24,36 x 30,,,36 x 30,R
Divided Highway Crossing,R6-3a,2B.50,30 x 24,30 x 24,36 x 30,,,36 x 30,R
Roundabout Circulation (plaque),R6-5P,2B.51,30 x 30,30 x 30,,,,,R
Begin One Way,R6-6,2B.49,24 x 30,30 x 36,,,,,R
End One Way,R6-7,2B.49,24 x 30,30 x 36,,,,,R
Parking Restrictions,R7-1,2B.52; 2B.53,12 x 18,12 x 18,,,,,R
Parking Restrictions,R7-2,2B.52; 2B.53,12 x 18,12 x 18,,,,,R
Parking Restrictions,R7-2a,2B.52; 2B.53,12 x 18,12 x 18,,,,,R
Parking Restrictions,R7-3,2B.52; 2B.53,12 x 18,12 x 18,,,,,R
Parking Restrictions,R7-4,2B.52; 2B.53,12 x 18,12 x 18,,,,,R
Parking Restrictions,R7-4a,2B.52; 2B.53,12 x 18,12 x 18,,,,,R
Parking Restrictions,R7-5,2B.52; 2B.53,12 x 18,12 x 18,,,,,R
Parking Restrictions,R7-6,2B.52; 2B.53,12 x 18,12 x 18,,,,,R
Parking Restrictions,R7-8,2B.52; 2B.53,12 x 18,12 x 18,,,,,R
Parking Restrictions,R7-10,2B.52; 2B.53,12 x 18,12 x 18,,,,,R
Parking Restrictions,R7-107,2B.52; 2B.53,12 x 18,12 x 18,,,,,R
Parking Restrictions,R7-108,2B.52; 2B.53,12 x 18,12 x 18,,,,,R
Van Accessible (plaque),R7-8aP,2B.52; 2B.53,12 x 6,12 x 6,,,,,R
Parking Fee Station - Multispace Meter,R7-20,2B.52; 2B.53,24 x 18,24 x 18,,,,,R
Metered Parking,R7-21,2B.52; 2B.53,12 x 18,12 x 18,,,,,R
Mobile Parking Payment (plaque),R7-21aP,2B.52; 2B.53,12 x 6,12 x 6,,,,,R
Metered Parking,R7-22,2B.52; 2B.53,12 x 18,12 x 18,,,,,R
No Parking Bus Stop,R7-107a,2B.52; 2B.53,12 x 24,12 x 24,,,,,R
No Parking Bus Stop (with transit pictograph),R7-107b,2B.52; 2B.53,12 x 30,12 x 30,,,,,R
No Parking Except Electric Vehicles,R7-111,2B.52; 2B.53,12 x 18,12 x 18,,,,,R
No Parking Except Electric Vehicles (part-time),R7-111a,2B.52; 2B.53,12 x 18,12 x 18,,,,,R
Electric Vehicle Parking (time limit),R7-112,2B.52; 2B.53,12 x 18,12 x 18,,,,,R
Electric Vehicle Parking (time limit part-time),R7-112a,2B.52; 2B.53,12 x 18,12 x 18,,,,,R
Electric Vehicle Parking (time limit part-time),R7-112b,2B.52; 2B.53,12 x 21,12 x 21,,,,,R
No Parking Except While Charging,R7-113,2B.52; 2B.53,12 x 18,12 x 18,,,,,R
Vehicle Must Be Plugged In (plaque),R7-113aP,2B.52; 2B.53,12 x 6,12 x 6,,,,,R
Vacate Stall When Charging Completed (plaque),R7-113bP,2B.52; 2B.53,12 x 6,12 x 6,,,,,R
Vehicle Charging Only (time limit),R7-114,2B.52; 2B.53,12 x 18,12 x 18,,,,,R
Vehicle Charging Only (time limit),R7-114a,2B.52; 2B.53,12 x 18,12 x 18,,,,,R
Vehicle Charging Only (part-time),R7-114b,2B.52; 2B.53,12 x 21,12 x 21,,,,,R
No Parking/Restricted Parking (combined sign),R7-200,2B.52; 2B.53,24 x 18,24 x 18,,,,,R
No Parking/Restricted Parking (combined sign),R7-200a,2B.52; 2B.53,12 x 36,12 x 36,,,,,R
Tow Away Zone (plaque),R7-201P,2B.52; 2B.53,12 x 6,12 x 6,,,,,R
Tow Away Zone (plaque),R7-201aP,2B.52; 2B.53,12 x 6,12 x 6,,,,,R
This Side of Sign (plaque),R7-202P,2B.52; 2B.53,12 x 6,12 x 6,,,,,R
Snow Emergency Route,R7-203,2B.52; 2B.53,18 x 24,18 x 24,,,,24 x 30,R
No Parking on Pavement,R8-1,2B.52; 2B.53,24 x 30,24 x 30,36 x 48,48 x 60,,36 x 48,R
No Parking Except on Shoulder,R8-2,2B.52; 2B.53,24 x 30,24 x 30,36 x 48,48 x 60,,36 x 48,R
No Parking (symbol),R8-3,2B.52; 2B.53,24 x 24,30 x 30,36 x 36,48 x 48,12 x 12,36 x 36,R
No Parking,R8-3a,2B.52; 2B.53,24 x 30,24 x 30,36 x 36,48 x 48,18 x 24,36 x 36,R
On Pavement,R8-3c,2B.52; 2B.53,24 x 36,24 x 36,,,18 x 30,36 x 54,R
On Bridge,R8-3d,2B.52; 2B.53,24 x 36,24 x 36,,,18 x 30,36 x 54,R
On Tracks,R8-3e,2B.52; 2B.53,24 x 36,24 x 36,,,18 x 30,36 x 54,R
Except on Shoulder,R8-3f,2B.52; 2B.53,24 x 36,24 x 36,,,18 x 30,36 x 54,R
Emergency Parking Only,R8-4,2B.55,30 x 24,30 x 24,30 x 24,48 x 36,,48 x 36,R
No Stopping on Pavement,R8-5,2B.53; 2B.54,24 x 30,24 x 30,36 x 48,48 x 60,,36 x 48,R
No Stopping Except on Shoulder,R8-6,2B.53; 2B.54,24 x 30,24 x 30,36 x 48,48 x 60,,36 x 48,R
Emergency Stopping Only,R8-7,2B.55,30 x 24,30 x 24,48 x 36,48 x 36,,48 x 36,R
Walk on Left Facing Traffic,R9-1,2B.56,18 x 24,18 x 24,,,,,R
Cross Only at Crosswalks,R9-2,2B.57,12 x 18,12 x 18,,,,,R
No Pedestrian Crossing (symbol),R9-3,2B.57,18 x 18,18 x 18,24 x 24,30 x 30,,30 x 30,R
No Pedestrian Crossing,R9-3a,2B.57,12 x 18,12 x 18,,,,,R
Use Crosswalk (plaque),R9-3bP,2B.57,18 x 12,18 x 12,,,,,R
No Hitchhiking (symbol),R9-4,2B.56,18 x 18,18 x 18,,,,24 x 24,R
No Hitchhiking,R9-4a,2B.56,18 x 24,18 x 24,,,12 x 18,,R
No Skaters,R9-13,2B.45,18 x 18,18 x 18,24 x 24,30 x 30,,30 x 30,R
No Equestrians,R9-14,2B.45,18 x 18,18 x 18,24 x 24,30 x 30,,30 x 30,R
No Snowmobiles,R9-15,2B.45,18 x 18,18 x 18,24 x 24,30 x 30,,30 x 30,R
No All-Terrian Vehicles,R9-16,2B.45,18 x 18,18 x 18,24 x 24,30 x 30,,30 x 30,R
Except on Shoulder (plaque),R9-19P,2B.45,18 x 12,18 x 12,24 x 18,30 x 24,,30 x 24,R
Cross Only On Green,R10-1,2B.58,12 x 18,12 x 18,,,,,R
Pedestrian Signs,R10-2,2B.58,9 x 12,9 x 12,,,,,R
Pedestrian Signs,R10-3,2B.58,9 x 12,9 x 12,,,,,R
Pedestrian Signs,R10-3b,2B.58,9 x 12,9 x 12,,,,,R
Pedestrian Signs,R10-3c,2B.58,9 x 12,9 x 12,,,,,R
Pedestrian Signs,R10-3d,2B.58,9 x 12,9 x 12,,,,,R
Pedestrian Signs,R10-4,2B.58,9 x 12,9 x 12,,,,,R
Pedestrian Signs,R10-3a,2B.58,9 x 15,9 x 15,,,,,R
Pedestrian Signs,R10-3e,2B.58,9 x 15,9 x 15,,,,,R
Pedestrian Signs,R10-3f,2B.58,9 x 15,9 x 15,,,,,R
Pedestrian Signs,R10-3g,2B.58,9 x 15,9 x 15,,,,,R
Pedestrian Signs,R10-3h,2B.58,9 x 15,9 x 15,,,,,R
Pedestrian Signs,R10-3i,2B.58,9 x 15,9 x 15,,,,,R
Pedestrian Signs,R10-4a,2B.58,9 x 15,9 x 15,,,,,R
Left on Green Arrow Only,R10-5,2B.59,30 x 36,30 x 36,30 x 36,,24 x 30,48 x 60,R
Stop Here on Red,R10-6,2B.59,24 x 36,24 x 36,,,,36 x 48,R
Stop Here on Red,R10-6a,2B.59,24 x 30,24 x 30,,,,36 x 42,R
Do Not Block Intersection,R10-7,2B.59,24 x 30,24 x 30,,,,,R
Use Lane with Green Arrow,R10-8,2B.59,30 x 36,30 x 36,36 x 42,,,60 x 72,R
Left (Right) Turn Signal,R10-10,2B.59,24 x 30,24 x 30,,,,30 x 36,R
U- Turn Signal,R10-10a,2B.59,24 x 30,24 x 30,,,,30 x 36,R
No Turn on Red,R10-11,2B.60,24 x 30,24 x 30,,,,36 x 48,R
No Turn on Circular Red,R10-11a,2B.60,24 x 30,24 x 30,,,,36 x 48,R
No Turn on Red,R10-11b,2B.60,24 x 24,24 x 24,,,,36 x 36,R
No Turn on Red Except From Right Lane,R10-11c,2B.60,30 x 36,30 x 36,,,,,R
No Turn on Red From This Lane,R10-11d,2B.60,30 x 42,30 x 42,,,,,R
Left Turn Yield on Green,R10-12,2B.59,30 x 36,30 x 36,,,,,R
Left Turn Yield on Flashing Yellow Arrow,R10-12a,2B.59,30 x 36,30 x 36,,,,,R
Left Turn Yield to Bicycle,R10-12b,2B.59,30 x 36,30 x 36,,,,,R
Emergency Signal,R10-13,2B.59,36 x 24,36 x 24,,,,42 x 30,R
Emergency Signal - Stop on Flashing Red,R10-14,2B.59,36 x 42,36 x 42,,,,,R
Emergency Signal - Stop on Flashing Red (overhead),R10-14a,2B.59,60 x 24,60 x 24,,,,,R
Stop Here on Flashing Red,R10-14b,2B.59,24 x 36,24 x 36,,,,36 x 48,R
Turning Vehicles Yield to Pedestrians,R10-15,2B.59,30 x 30,30 x 30,,,,,R
Turning Vehicles Stop for Pedestrians,R10-15a,2B.59,30 x 30,30 x 30,,,,,R
U-Turn Yield to Right Turn,R10-16,2B.59,30 x 36,30 x 36,,,,,R
Right on Red Arrow After Stop,R10-17a,2B.60,30 x 36,30 x 36,,,,36 x 48,R
Traffic Laws Photo Enforced,R10-18,2B.69,36 x 24,36 x 24,48 x 30,54 x 36,,54 x 36,R
Traffic Signal Photo Enforced,R10-18a,2B.69,30 x 42,30 x 42,30 x 42,,,36 x 54,R
Photo Enforced (symbol plaque),R10-19P,2B.69,24 x 12,24 x 12,36 x 18,48 x 24,,48 x 24,R
Photo Enforced (plaque),R10-19aP,2B.69,24 x 18,24 x 18,36 x 24,48 x 36,,48 x 36,R
MONFRI (and times) (3 lines) (plaque),R10-20aP,2B.60,24 x 24,24 x 24,,,,,R
SUNDAY (and times) (2 lines) (plaque),R10-20aP,2B.60,24 x 18,24 x 18,,,,,R
Crosswalk - Stop on Red,R10-23,2B.59,24 x 30,24 x 30,,,,,R
Stop on Red - Yield on Flashing Red After Stop,R10-23a,2B.59,24 x 30,24 x 30,,,,,R
Push Button For Warning Lights - Wait for Gap in Traffic,R10-25,2B.58,9 x 12,9 x 12,,,,,R
Left Turn Yield on Flashing Red Arrow After Stop,R10-27,2B.59,30 x 36,30 x 36,,,,,R
XX Vehicles per Green,R10-28,2B.61,24 x 30,24 x 30,,,,,R
XX Vehicles per Green Each Lane,R10-29,2B.61,36 x 24,36 x 24,,,,,R
Right Turn on Red Must Yield to U-Turn,R10-30,2B.60,30 x 36,30 x 36,,,,,R
At Signal (plaque),R10-31P,2B.59,24 x 9,24 x 9,,,,,R
Push Button for 2 Seconds for Extra Crossing Time,R10-32P,2B.58,9 x 12,9 x 12,,,,,R
Keep Off Median,R11-1,2B.62,24 x 30,24 x 30,,,,,R
Road Closed,R11-2,2B.63,48 x 30,48 x 30,,,,,R
Road Closed,R11-2a,2B.63,48 x 30,48 x 30,,,,,R
Road Closed,R11-2b,2B.63,48 x 30,48 x 30,,,,,R
Road Closed,R11-2c,2B.63,48 x 30,48 x 30,,,,,R
Road Closed - Local Traffic Only,R11-3,2B.63,60 x 30,60 x 30,,,,,R
Road Closed - Local Traffic Only,R11-3a,2B.63,60 x 30,60 x 30,,,,,R
Road Closed - Local Traffic Only,R11-3b,2B.63,60 x 30,60 x 30,,,,,R
Road Closed - Local Traffic Only,R11-4,2B.63,60 x 30,60 x 30,,,,,R
Weight Limit,R12-1,2B.64,24 x 30,24 x 30,36 x 48,,,36 x 48,R
Weight Limit,R12-2,2B.64,24 x 30,24 x 30,36 x 48,,,36 x 48,R
Weight Limit - Axle Gross,R12-4,2B.64,36 x 24,36 x 24,,,,,R
Weight Limit,R12-5,2B.64,24 x 36,24 x 36,36 x 48,48 x 60,,,R
Weight Limit - Specialized Hauling Vehicles,R12-6,2B.64,30 x 42,36 x 48,36 x 48,48 x 60,,48 x 60,R
Weight Limit - Emergency Vehicles,R12-7,2B.64,30 x 36,30 x 36,48 x 60,48 x 60,,48 x 60,R
Weight Limit - Emergency Vehicles (plaque),R12-7aP,2B.64,30 x 30,30 x 30,48 x 48,48 x 48,,48 x 48,R
Weigh Station,R13-1,2B.65,72 x 54,72 x 54,96 x 72,132 x 90,,,R
Truck Route,R14-1,2B.66,24 x 18,24 x 18,,,,,R
Hazardous Material,R14-2,2B.67,24 x 24,24 x 24,30 x 30,36 x 36,,42 x 42,R
Hazardous Material,R14-3,2B.67,24 x 24,24 x 24,30 x 30,36 x 36,,42 x 42,R
National Network,R14-4,2B.68,30 x 30,30 x 30,36 x 36,36 x 36,,42 x 42,R
National Network,R14-5,2B.68,30 x 30,30 x 30,36 x 36,36 x 36,,42 x 42,R
Move Over or Reduce Speed,R16-3,2B.71,,60 x 48,84 x 60,102 x 72,,84 x 60,R
Minor Crashes Move Vehicles from Travel Lanes,R16-4,2B.70,,60 x 42,84 x 54,96 x 60,,84 x 54,R
Lights On When Using Wipers or Raining,R16-5,2B.73,24 x 30,24 x 30,36 x 48,48 x 60,,36 x 48,R
Lights On When Using Wipers or Raining,R16-6,2B.73,24 x 30,24 x 30,36 x 48,48 x 60,,36 x 48,R
Turn On Headlights Next XX Miles,R16-7,2B.73,60 x 18,60 x 18,96 x 30,132 x 36,,96 x 30,R
Turn On Headlights,R16-8,2B.73,42 x 18,42 x 18,60 x 30,78 x 36,,60 x 30,R
Check Headlights,R16-9,2B.73,42 x 18,42 x 18,60 x 30,78 x 36,,60 x 30,R
Begin Daytime Headlight Section,R16-10,2B.73,60 x 18,60 x 18,96 x 30,120 x 36,,96 x 30,R
End Daytime Headlight Section,R16-11,2B.73,60 x 18,60 x 18,96 x 30,120 x 36,,96 x 30,R
No Hand-Held Phone Use By Driver,R16-15,2B.72,,,72 x 48,72 x 48,,,R
No Hand-Held Phone Use By Driver,R16-15a,2B.72,30 x 42,30 x 42,,,,,R
Horizontal Alignment,W1-1,2C.07,30 x 30,36 x 36,36 x 36,36 x 36,,48 x 48,D
Horizontal Alignment,W1-2,2C.07,30 x 30,36 x 36,36 x 36,36 x 36,,48 x 48,D
Horizontal Alignment,W1-3,2C.07,30 x 30,36 x 36,36 x 36,36 x 36,,48 x 48,D
Horizontal Alignment,W1-4,2C.07,30 x 30,36 x 36,36 x 36,36 x 36,,48 x 48,D
Horizontal Alignment,W1-5,2C.07,30 x 30,36 x 36,36 x 36,36 x 36,,48 x 48,D
One-Direction Large Arrow,W1-6,2C.10,48 x 24,48 x 24,60 x 30,60 x 30,,60 x 30,R
Two-Direction Large Arrow,W1-7,2C.43,48 x 24,48 x 24,,,,60 x 30,R
Chevron Alignment,W1-8L,2C.08,18 x 24,18 x 24,30 x 36,36 x 48,,24 x 30,R
Chevron Alignment,W1-8R,2C.08,18 x 24,18 x 24,30 x 36,36 x 48,,24 x 30,R
Combination Horizontal Alignment/Intersection,W1-10,2C.09,36 x 36,36 x 36,36 x 36,48 x 48,,,D
Combination Horizontal Alignment/Intersection,W1-10a,2C.09,36 x 36,36 x 36,36 x 36,48 x 48,,,D
Combination Horizontal Alignment/Intersection,W1-10b,2C.09,36 x 36,36 x 36,36 x 36,48 x 48,,,D
Combination Horizontal Alignment/Intersection,W1-10c,2C.09,36 x 36,36 x 36,36 x 36,48 x 48,,,D
Combination Horizontal Alignment/Intersection,W1-10d,2C.09,36 x 36,36 x 36,36 x 36,48 x 48,,,D
Combination Horizontal Alignment/Intersection,W1-10e,2C.09,36 x 36,36 x 36,36 x 36,48 x 48,,,D
Hairpin Curve,W1-11,2C.07,30 x 30,30 x 30,36 x 36,48 x 48,,48 x 48,D
Truck Rollover,W1-13,2C.11,36 x 36,36 x 36,36 x 36,48 x 48,,48 x 48,D
270-degree Curve,W1-15,2C.07,30 x 30,30 x 30,36 x 36,48 x 48,,48 x 48,D
Intersection Warning,W2-1,2C.41,30 x 30,30 x 30,36 x 36,,24 x 24,48 x 48,D
Intersection Warning,W2-2,2C.41,30 x 30,30 x 30,36 x 36,,24 x 24,48 x 48,D
Intersection Warning,W2-3,2C.41,30 x 30,30 x 30,36 x 36,,24 x 24,48 x 48,D
Intersection Warning,W2-3a,2C.41,30 x 30,30 x 30,36 x 36,,24 x 24,48 x 48,D
Intersection Warning,W2-4,2C.41,30 x 30,30 x 30,36 x 36,,24 x 24,48 x 48,D
Intersection Warning,W2-5,2C.41,30 x 30,30 x 30,36 x 36,,24 x 24,48 x 48,D
Intersection Warning,W2-6,2C.41,30 x 30,30 x 30,36 x 36,,24 x 24,48 x 48,D
Intersection Warning,W2-7,2C.41,30 x 30,30 x 30,36 x 36,,24 x 24,48 x 48,D
Intersection Warning,W2-8,2C.41,30 x 30,30 x 30,36 x 36,,24 x 24,48 x 48,D
Traffic Entering When Flashing,W2-10,2C.42,36 x 36,36 x 36,48 x 48,,,,D
Traffic Approaching When Flashing,W2-11,2C.42,36 x 36,36 x 36,48 x 48,,,,D
Stop Ahead,W3-1,2C.35,30 x 30,30 x 30,48 x 48,48 x 48,30 x 30,,D
Yield Ahead,W3-2,2C.35,30 x 30,30 x 30,48 x 48,48 x 48,30 x 30,,D
Signal Ahead,W3-3,2C.35,30 x 30,30 x 30,48 x 48,48 x 48,30 x 30,,D
Be Prepared to Stop,W3-4,2C.35,36 x 36,36 x 36,48 x 48,48 x 48,30 x 30,,D
Reduced Speed Limit Ahead,W3-5,2C.40,36 x 36,36 x 36,48 x 48,48 x 48,,,D
XX MPH Speed Zone Ahead,W3-5a,2C.40,36 x 36,36 x 36,48 x 48,48 x 48,,,D
Variable Speed Zone Ahead,W3-5b,2C.40,36 x 36,36 x 36,48 x 48,48 x 48,,,D
XX MPH Truck Speed Zone Ahead,W3-5c,2C.40,36 x 36,36 x 36,48 x 48,48 x 48,,,D
Draw Bridge,W3-6,2C.36,36 x 36,36 x 36,48 x 48,,,60 x 60,D
Ramp Meter Ahead,W3-7,2C.37,36 x 36,36 x 36,,,,,D
Ramp Metered When Flashing,W3-8,2C.37,36 x 36,36 x 36,,,,,D
Merge,W4-1,2C.45,36 x 36,36 x 36,48 x 48,48 x 48,30 x 30,,D
Lane Ends,W4-2,2C.47,36 x 36,36 x 36,48 x 48,48 x 48,30 x 30,,D
Added Lane,W4-3,2C.46,36 x 36,36 x 36,48 x 48,48 x 48,30 x 30,,D
Cross Traffic Does Not Stop (plaque),W4-4P,2C.66,24 x 12,24 x 12,36 x 18,,,48 x 24,R
Traffic From Left (Right) Does Not Stop (plaque),W4-4aP,2C.66,24 x 12,24 x 12,36 x 18,,,48 x 24,R
Oncoming Traffic Does Not Stop (plaque),W4-4bP,2C.66,24 x 12,24 x 12,36 x 18,,,48 x 24,R
Entering Roadway Merge,W4-5,2C.45,36 x 36,36 x 36,48 x 48,48 x 48,,,D
No Merge Area (plaque),W4-5aP,2C.45,18 x 24,18 x 24,24 x 30,24 x 30,,,R
Entering Roadway Added Lane,W4-6,2C.46,36 x 36,36 x 36,48 x 48,48 x 48,,,D
Heavy Merge from Right (Left),W4-7,2C.49,36 x 36,36 x 36,48 x 48,48 x 48,,,D
Single Lane Transition,W4-8,2C.48,36 x 36,36 x 36,36 x 36,48 x 48,,48 x 48,D
Road Narrows,W5-1,2C.17,36 x 36,36 x 36,48 x 48,48 x 48,30 x 30,,D
Narrow Bridge,W5-2,2C.18,36 x 36,36 x 36,48 x 48,48 x 48,30 x 30,,D
Narrow Underpass,W5-2a,2C.18,36 x 36,36 x 36,48 x 48,48 x 48,30 x 30,,D
One Lane Bridge,W5-3,2C.19,36 x 36,36 x 36,48 x 48,48 x 48,30 x 30,,D
One Lane Underpass,W5-3a,2C.19,36 x 36,36 x 36,48 x 48,48 x 48,30 x 30,,D
Divided Highway,W6-1,2C.20,36 x 36,36 x 36,48 x 48,48 x 48,,,D
Divided Highway Ends,W6-2,2C.21,36 x 36,36 x 36,48 x 48,48 x 48,,,D
Two-Way Traffic,W6-3,2C.51,36 x 36,36 x 36,48 x 48,48 x 48,,,D
Two-Way Traffic (3-Lane),W6-5,2C.52,36 x 36,36 x 36,48 x 48,,,,D
Two-Way Traffic (3-Lane),W6-5a,2C.52,36 x 36,36 x 36,48 x 48,,,,D
Hill,W7-1,2C.14,30 x 30,36 x 36,36 x 36,36 x 36,24 x 24,48 x 48,D
Hill with Grade,W7-1a,2C.14,30 x 30,36 x 36,36 x 36,36 x 36,24 x 24,48 x 48,D
Use Low Gear (plaque),W7-2P,2C.64,24 x 18,24 x 18,,,,,R
Trucks Use Lower Gear (plaque),W7-2bP,2C.64,24 x 18,24 x 18,,,,,R
XX% Grade (plaque),W7-3P,2C.64,24 x 18,24 x 18,,,,,R
Next XX Miles (plaque),W7-3aP,2C.61,24 x 18,24 x 18,,,,,R
XX% Grade XX Miles (plaque),W7-3bP,2C.64,24 x 18,24 x 18,,,,,R
Runaway Truck Ramp XX Miles,W7-4,2C.15,84 x 48,84 x 48,120 x 72,120 x 72,,,R
Runaway Truck Ramp Entrance Direction,W7-4b,2C.15,84 x 54,84 x 54,120 x 78,120 x 78,,,R
Truck Escape Ramp,W7-4c,2C.15,78 x 60,78 x 60,78 x 60,78 x 60,,,R
Sand (plaques),W7-4dP,2C.15,24 x 12,24 x 12,24 x 12,24 x 12,,,R
Gravel (plaques),W7-4eP,2C.15,24 x 12,24 x 12,24 x 12,24 x 12,,,R
Paved (plaques),W7-4fP,2C.15,24 x 12,24 x 12,24 x 12,24 x 12,,,R
Hill Blocks View,W7-6,2C.16,30 x 30,36 x 36,36 x 36,,,48 x 48,D
Bump,W8-1,2C.26,30 x 30,36 x 36,36 x 36,48 x 48,24 x 24,48 x 48,D
Dip,W8-2,2C.26,30 x 30,36 x 36,36 x 36,48 x 48,24 x 24,48 x 48,D
Pavement Ends,W8-3,2C.28,36 x 36,36 x 36,48 x 48,,30 x 30,,D
Soft Shoulder,W8-4,2C.29,36 x 36,36 x 36,48 x 48,48 x 48,24 x 24,48 x 48,D
Slippery When Wet,W8-5,2C.30,30 x 30,36 x 36,36 x 36,48 x 48,24 x 24,48 x 48,D
Road Condition (plaques),W8-5P,2C.30,24 x 18,24 x 18,30 x 24,36 x 30,,36 x 30,R
Road Condition (plaques),W8-5bP,2C.30,24 x 18,24 x 18,30 x 24,36 x 30,,36 x 30,R
Road Condition (plaques),W8-5cP,2C.30,24 x 18,24 x 18,30 x 24,36 x 30,,36 x 30,R
Ice (plaque),W8-5aP,2C.30,24 x 12,24 x 12,30 x 18,30 x 18,,,R
Truck Crossing,W8-6,2C.54,36 x 36,36 x 36,36 x 36,48 x 48,24 x 24,48 x 48,D
Loose Gravel,W8-7,2C.30,36 x 36,36 x 36,36 x 36,,24 x 24,48 x 48,D
Rough Road,W8-8,2C.30,36 x 36,36 x 36,36 x 36,48 x 48,24 x 24,48 x 48,D
Low Shoulder,W8-9,2C.29,36 x 36,36 x 36,36 x 36,48 x 48,24 x 24,48 x 48,D
Uneven Lanes,W8-11,2C.30,36 x 36,36 x 36,36 x 36,48 x 48,,48 x 48,D
No Center Line,W8-12,2C.32,36 x 36,36 x 36,36 x 36,48 x 48,,,D
Bridge Ices Before Road,W8-13,2C.30,36 x 36,36 x 36,36 x 36,48 x 48,24 x 24,48 x 48,D
Fallen Rocks,W8-14,2C.30,30 x 30,36 x 36,36 x 36,48 x 48,24 x 24,48 x 48,D
Grooved Pavement,W8-15,2C.31,30 x 30,36 x 36,36 x 36,48 x 48,24 x 24,48 x 48,D
Motorcycle (plaque),W8-15aP,2C.31,24 x 18,24 x 18,30 x 24,36 x 30,,36 x 30,R
Metal Bridge Deck,W8-16,2C.31,30 x 30,36 x 36,36 x 36,48 x 48,24 x 24,48 x 48,D
Shoulder Drop-Off,W8-17,2C.29,30 x 30,36 x 36,36 x 36,48 x 48,24 x 24,48 x 48,D
Shoulder Drop-Off (plaque),W8-17P,2C.29,24 x 18,24 x 18,30 x 24,36 x 30,,36 x 30,R
Road May Flood,W8-18,2C.34,36 x 36,36 x 36,36 x 36,48 x 48,24 x 24,48 x 48,D
Depth Gauge,W8-19,2C.34,12 x 72,12 x 72,,,,,R
Gusty Winds Area,W8-21,2C.34,36 x 36,36 x 36,36 x 36,48 x 48,24 x 24,48 x 48,D
Fog Area,W8-22,2C.34,36 x 36,36 x 36,36 x 36,48 x 48,24 x 24,48 x 48,D
No Shoulder,W8-23,2C.29,36 x 36,36 x 36,36 x 36,48 x 48,24 x 24,48 x 48,D
Shoulder Ends,W8-25,2C.29,30 x 30,36 x 36,36 x 36,48 x 48,24 x 24,48 x 48,D
Road Ends,W8-26,2C.24,30 x 30,36 x 36,,,,,D
Street Ends,W8-26a,2C.24,30 x 30,36 x 36,,,,,D
Right (Left) Lane Ends,W9-1,2C.47,36 x 36,36 x 36,36 x 36,48 x 48,30 x 30,48 x 48,D
Lanes Merge,W9-4,2C.48,36 x 36,36 x 36,36 x 36,48 x 48,30 x 30,48 x 48,D
Right (Left) Lane for Exit Only,W9-7,2C.50,132 x 72,132 x 72,132 x 72,132 x 72,,,R
Bicycle,W11-1,2C.54,30 x 30,30 x 30,36 x 36,,,48 x 48,D
Pedestrian,W11-2,2C.55,30 x 30,36 x 36,36 x 36,,,48 x 48,D
Large Animals,W11-3,2C.55,30 x 30,36 x 36,36 x 36,,24 x 24,48 x 48,D
Large Animals,W11-4,2C.55,30 x 30,36 x 36,36 x 36,,24 x 24,48 x 48,D
Large Animals,W11-16,2C.55,30 x 30,36 x 36,36 x 36,,24 x 24,48 x 48,D
Large Animals,W11-17,2C.55,30 x 30,36 x 36,36 x 36,,24 x 24,48 x 48,D
Large Animals,W11-18,2C.55,30 x 30,36 x 36,36 x 36,,24 x 24,48 x 48,D
Large Animals,W11-19,2C.55,30 x 30,36 x 36,36 x 36,,24 x 24,48 x 48,D
Large Animals,W11-20,2C.55,30 x 30,36 x 36,36 x 36,,24 x 24,48 x 48,D
Large Animals,W11-21,2C.55,30 x 30,36 x 36,36 x 36,,24 x 24,48 x 48,D
Large Animals,W11-22,2C.55,30 x 30,36 x 36,36 x 36,,24 x 24,48 x 48,D
Farm Vehicle,W11-5,2C.54,30 x 30,36 x 36,36 x 36,,24 x 24,48 x 48,D
Snowmobile,W11-6,2C.55,30 x 30,36 x 36,36 x 36,,24 x 24,48 x 48,D
Equestrian,W11-7,2C.55,30 x 30,36 x 36,36 x 36,,24 x 24,48 x 48,D
Emergency Vehicle,W11-8,2C.54,30 x 30,36 x 36,36 x 36,,24 x 24,48 x 48,D
Handicapped,W11-9,2C.55,30 x 30,36 x 36,36 x 36,,,48 x 48,D
Truck,W11-10,2C.54,30 x 30,36 x 36,36 x 36,,24 x 24,48 x 48,D
Golf Cart,W11-11,2C.54,30 x 30,36 x 36,36 x 36,,24 x 24,48 x 48,D
Emergency Signal Ahead (plaque),W11-12P,2C.54,36 x 30,36 x 30,36 x 30,,,,R
Horse-Drawn Vehicle,W11-14,2C.54,30 x 30,36 x 36,36 x 36,,24 x 24,48 x 48,D
Trail Crossing,W11-15,2C.54,30 x 30,36 x 36,36 x 36,,24 x 24,48 x 48,D
Trail Crossing,W11-15a,2C.54,30 x 30,36 x 36,36 x 36,,24 x 24,48 x 48,D
Trail Crossing (plaque),W11-15P,2C.54,24 x 18,24 x 18,30 x 24,,,36 x 30,R
Double Arrow,W12-1,2C.23,30 x 30,36 x 36,36 x 36,,,,D
Low Clearance Advance,W12-2,2C.25,36 x 36,36 x 36,48 x 48,48 x 48,30 x 30,,D
Low Clearance Overhead,W12-2a,2C.25,84 x 24,84 x 24,84 x 24,84 x 24,,,R
Low Clearance - Lane Overhead,W12-2b,2C.25,102 x 24,102 x 24,102 x 24,102 x 24,,,R
Advisory Speed (plaque),W13-1P,2C.59,18 x 18,18 x 18,24 x 24,30 x 30,,30 x 30,R
Advisory Speed Confirmation (plaque),W13-1aP,2C.59,48 x 15,48 x 15,60 x 18,60 x 18,48 x 15,72 x 24,R
Advisory Exit Speed,W13-2,2C.12,24 x 30,24 x 30,36 x 48,36 x 48,,48 x 60,R
Advisory Ramp Speed,W13-3,2C.12,24 x 30,24 x 30,36 x 48,36 x 48,,48 x 60,R
Combination Horizontal Alignment/Advisory Exit or Ramp Speed Loop,W13-6,2C.12,24 x 42,24 x 42,36 x 66,36 x 66,,48 x 84,R
Combination Horizontal Alignment/Advisory Exit or Ramp Speed Loop,W13-7,2C.12,24 x 42,24 x 42,36 x 66,36 x 66,,48 x 84,R
Combination Horizontal Alignment/Advisory Exit or Ramp Speed Loop,W13-8,2C.12,24 x 42,24 x 42,36 x 66,36 x 66,,48 x 84,R
Combination Horizontal Alignment/Advisory Exit or Ramp Speed Loop,W13-9,2C.12,24 x 42,24 x 42,36 x 66,36 x 66,,48 x 84,R
Combination Horizontal Alignment/Advisory Exit or Ramp Speed Turn,W13-10,2C.12,24 x 36,24 x 36,36 x 54,36 x 54,,48 x 72,R
Combination Horizontal Alignment/Advisory Exit or Ramp Speed Turn,W13-10,2C.12,24 x 36,24 x 36,36 x 54,36 x 54,,48 x 72,R
Combination Horizontal Alignment/Advisory Exit or Ramp Speed - Truck Rollover,W13-12,2C.12,24 x 42,24 x 42,36 x 66,36 x 66,,48 x 84,R
Combination Horizontal Alignment/Advisory Exit or Ramp Speed - Truck Rollover,W13-13,2C.12,24 x 42,24 x 42,36 x 66,36 x 66,,48 x 84,R
Vehicle Speed Feedback Sign,W13-20,2C.13,24 x 30,30 x 36,36 x 48,48 x 60,,,D
Vehicle Speed Feedback (plaque),W13-20aP,2C.13,24 x 18,30 x 24,36 x 30,48 x 36,,,R
Dead End,W14-1,2C.24,30 x 30,36 x 36,36 x 36,,24 x 24,48 x 48,D
No Outlet,W14-2,2C.24,30 x 30,36 x 36,36 x 36,,24 x 24,48 x 48,D
Dead End (with arrow),W14-1a,2C.24,36 x 9,36 x 9,,,,,R
No Outlet (with arrow),W14-2a,2C.24,36 x 9,36 x 9,,,,,R
No Passing Zone,W14-3,2C.53,48 x 48 x 36,48 x 48 x 36,64 x 64 x 48,64 x 64 x 48,40 x 40 x 30,64 x 64 x 48,P
Playground,W15-1,2C.56,30 x 30,36 x 36,36 x 36,,24 x 24,48 x 48,D
In Road (plaque),W16-1P,2C.67,18 x 12,18 x 12,24 x 18,,,24 x 18,R
In Street (plaque),W16-1aP,2C.67,18 x 12,18 x 12,24 x 18,,,24 x 18,R
XX Feet (2-line plaque),W16-2P,2C.61,24 x 18,24 x 18,30 x 24,30 x 24,,30 x 24,R
XX Ft (1-line plaque),W16-2aP,2C.61,24 x 12,24 x 12,,,,30 x 18,R
XX Miles (2-line plaque),W16-3P,2C.61,30 x 24,30 x 24,,,,,R
XX Miles (1-line plaque),W16-3aP,2C.61,30 x 12,30 x 12,,,,,R
Next XX Feet (plaque),W16-4P,2C.61,30 x 24,30 x 24,,,,,R
Supplemental Arrow (plaque),W16-5P,2C.62,21 x 15,21 x 15,,,,30 x 21,R
Supplemental Arrow (plaque),W16-6P,2C.62,21 x 15,21 x 15,,,,30 x 21,R
Diagonal Downward Arrow (plaque),W16-7P,2C.63,21 x 15,21 x 15,,,,30 x 21,R
Dual Downward Diagonal Arrow (plaque),W16-7aP,2C.63,21 x 15,21 x 15,,,,30 x 21,R
Ahead (plaque),W16-9P,2C.55,24 x 12,24 x 12,30 x 18,,,30 x 18,R
Photo Enforced (symbol plaque),W16-10P,2C.69,24 x 12,24 x 12,36 x 18,,,48 x 24,R
Photo Enforced (plaque),W16-10aP,2C.69,24 x 18,24 x 18,36 x 30,,,48 x 36,R
Traffic Circle (plaque),W16-12P,2C.41,24 x 18,24 x 18,,,,,R
Roundabout (plaque),W16-12aP,2C.41,24 x 12,24 x 12,,,,,R
When Flashing (plaque),W16-13P,2C.55,24 x 18,24 x 18,,,,,R
New (plaque),W16-15P,2C.60,24 x 12,24 x 12,,,,,R
Notice (plaque),W16-18P,2A.11,24 x 12,24 x 12,,,,,R
Except Bicycles (plaque),W16-20P,2C.68,24 x 12,24 x 12,,,,,R
Speed Hump,W17-1,2C.27,30 x 30,36 x 36,,,24 x 24,48 x 48,D
No Traffic Signs,W18-1,2C.33,30 x 30,36 x 36,,,24 x 24,36 x 36,D
Freeway Ends XX Miles,W19-1,2C.22,,,,144 x 48,,,R
Expressway Ends XX Miles,W19-2,2C.22,,,144 x 48,,,,R
Freeway Ends,W19-3,2C.22,,,,48 x 48,,,R
Expressway Ends,W19-4,2C.22,,,48 x 48,,,,R
All Traffic Must Exit,W19-5,2C.22,,,90 x 48,90 x 48,,,R
New Traffic Pattern Ahead,W23-2,2C.38,36 x 36,36 x 36,,,,,D
New Signal Operation Ahead,W23-2a,2C.38,36 x 36,36 x 36,48 x 48,48 x 48,,,D
Oncoming Traffic Has Extended Green,W25-1,2C.44,24 x 30,24 x 30,,,,,R
Oncoming Traffic May Have Extended Green,W25-2,2C.44,24 x 30,24 x 30,,,,,R
Watch for Stopped Traffic,W26-1,2C.39,36 x 36,36 x 36,48 x 48,48 x 48,,,D
